epoch,steps,accuracy_cosinus,accuracy_manhattan,accuracy_euclidean
0,300,0.9130534526267493,0.9200504702913512,0.9255563202569397
0,600,0.9473503097040605,0.9456297315898142,0.9468914888735949
0,900,0.9522826336315668,0.9541179169534297,0.9550355586143611
0,-1,0.9530855700848818,0.9561826106905253,0.9569855471438403
